recipient,region,SIDS,income,total_commitment,commitment_per_capita,ECON_vulnerability,ENV_vulnerability,ECON_lack_resilience,ENV_lack_resilience,CRDF_PER_CAPITA_2015,CRDF_PER_CAPITA_2016,CRDF_PER_CAPITA_2017,CRDF_PER_CAPITA_2018,CRDF_PER_CAPITA_2019,CRDF_PER_CAPITA_2020,CRDF_PER_CAPITA_2021,CRDF_PER_CAPITA_2022,CRDF_PER_CAPITA_2023
Afghanistan,Asia,0,LDCs,2844889469.8544245,75.23213637905025,55.793631833227764,52.7600656617443,50.7922770709818,72.51807679712188,6.752987093137451,8.148990317204875,9.010911651778693,10.635208762777635,7.786046609671802,8.731772139118787,6.977186882499891,7.145893607065199,10.043139315795912
Albania,Europe,0,UMICs,2248196212.6767364,887.890734167046,,,,,38.149020718120084,109.58978646770541,30.135995354785813,58.62920868421407,116.49956015461198,87.36226202931442,154.81800622940423,118.27177137523641,174.43512315365365
Algeria,Africa,0,LMICs,307531715.61690676,7.079897047036765,58.07797939059003,60.290424276695234,19.683497342101923,77.48165732850819,0.6617568348101235,0.511669453237947,0.686018785847264,1.3237689294858819,0.5269992715284827,0.9398359984093677,0.2410748383385485,1.109938225265133,1.0788347101140159
Angola,Africa,0,LDCs,2491978058.150858,74.24368573979,60.95441540083595,35.55455706928214,47.24306714102821,49.16040496078763,7.210890459073727,0.8486063563068538,3.124956001280249,6.085875075480649,6.254915649133043,15.490310546844498,8.16731037051788,16.125338086686114,10.935483194466986
Antigua and Barbuda,Latin America & the Caribbean,1,MADCTs,92605825.47577956,1017.6904826076573,70.08224363776748,74.01479211626653,59.80417181513176,67.84777494749675,128.53586586088662,10.799487044369744,309.41533959628293,107.2190122565131,46.497788395972506,383.4820039099153,31.740985543716967,0.0,0.0
Argentina,Latin America & the Caribbean,0,UMICs,11460585279.824955,254.66193793943876,23.79946850597193,43.57207989761389,63.46682662161154,53.978632332379135,6.971301378501301,8.859812704243778,45.69994707436506,25.382773658513848,13.571893522255415,11.94170825379135,38.8914160206352,55.951249521395575,47.39183580573724
Armenia,Asia,0,UMICs,1425109214.4220471,479.1098488179571,39.01542438032169,40.492154862207386,42.64320677615427,67.78466060145908,56.60997538418419,52.63237310757792,59.16189068507806,32.39272985442837,52.66307725304111,19.114424811235992,76.45305670690801,78.45526086986096,51.62706014564245
Azerbaijan,Asia,0,UMICs,1017240989.1401764,102.16608930189786,55.192297614836015,44.9809029279735,44.170535886122664,65.64249649616448,3.101338963048384,18.164356611351746,30.27305923176996,2.169944019386265,11.710468375857477,1.600381253196375,5.622926836804925,11.226865184944526,18.2967488255382
Bangladesh,Asia,0,LDCs,33064640185.050697,198.6650684945051,53.58666941691002,49.11543030885321,24.43602510478032,73.76064254091835,11.41236698641021,17.349678574339638,8.203025087796496,23.449400216327128,20.479874028031002,30.543117629623953,19.833844065852777,22.59935640357554,44.79440550254836
Belarus,Europe,0,UMICs,827041065.4131134,87.73363606226513,,,,,6.476404238410972,2.3138033392114137,0.7770356927863248,25.07138876166383,47.035887398959225,5.78845392570944,0.09837455209380196,0.10177154963168913,0.07051660379843845
Belize,Latin America & the Caribbean,1,UMICs,252899619.16575354,647.7811832709781,60.50710894403069,62.87624248598234,61.69430000649142,29.313882528912245,42.4273400043785,17.600769934194982,76.24437866478748,58.998567974495366,57.28784460512917,94.89512988191656,64.61599835801653,138.83775089889414,96.87340294916538
Benin,Africa,0,LDCs,3437930633.54446,261.7335054656862,48.82417353594358,43.33980535525651,39.82490687951239,51.43904141410945,12.27696531290955,9.51362540956797,25.12806579532837,23.679844013096517,33.707871766372136,22.73594748461426,32.29398757651735,36.59006900486659,65.80712910241351
Bhutan,Asia,0,LMICs,575258964.7704008,754.336709798914,48.81622334972872,34.1588545304717,46.36139125679614,43.573617964588394,196.70260469939583,74.20537636984139,54.08123637128092,11.682410163130866,62.28353082680467,58.23071618865856,91.43196968567662,134.847035563292,70.87182993083309
Bolivia,Latin America & the Caribbean,0,LMICs,5356801866.3299675,461.7583005283402,27.040564122846995,43.41640813788473,68.11482183299756,28.88246564307025,42.89225869049378,44.53736002458524,127.625755685367,47.585208548753876,42.382266563151894,18.957998092076352,14.81602663393633,60.82770259417483,62.13372369580096
Bosnia and Herzegovina,Europe,0,UMICs,1653911015.4587624,497.4064621300362,,,,,14.024180811406922,48.636607628190134,64.82767777828224,36.464199151240706,113.56603270069996,51.98052656367687,45.55989728716238,46.11960508546602,76.22773512391099
Botswana,Africa,0,UMICs,499543650.9535291,210.3595835275788,64.11429941711755,52.90843191980245,67.79620546421643,74.83795953421432,1.445190141560318,0.6878561876092687,65.29655723076253,1.043149415849374,3.4874678679849698,8.697830047368718,71.17558858653531,9.43277716208194,49.093166887826364
Brazil,Latin America & the Caribbean,0,UMICs,18256300060.09294,87.75695848544615,17.813874637434242,34.19090670896137,59.04447767973945,33.7420894344146,3.1805078261444586,5.404124455022792,6.087843318030455,12.355921251028231,12.109839946483717,12.538642898359852,7.454553711076037,13.050790970295647,15.574734109004957
Burkina Faso,Africa,0,LDCs,3889380033.565702,181.9674256880153,52.03683616718994,60.720823614219995,46.65759181417246,66.43628324914758,6.443510038916521,17.87198194665154,16.82438811127606,13.882818282060509,18.033293869431805,21.637270950007288,38.235345374683135,16.494160064757406,32.544657050231045
Burundi,Africa,0,LDCs,1250571637.1090837,101.80260214129203,62.11088668593024,45.54225211041668,61.54649055656477,69.87945837404938,11.742613697791201,7.1079587399928625,18.898585814106195,8.144095786316852,6.065070437196978,15.995441838377594,11.614031939998297,11.401189897341682,10.833613990170367
Cabo Verde,Africa,1,LMICs,456010802.3429053,877.5180153980482,73.61051166388783,54.39130565728786,46.49396825695189,79.49664966858163,11.25306168443415,27.910673615085916,23.557753271685616,10.342993037022612,72.14855822645364,35.62027129868307,98.70039107304905,84.11254833970355,513.8717648519306
Cambodia,Asia,0,LDCs,5024435058.84492,300.2955342166615,55.88593036855132,54.137420538917596,39.25844558307958,44.230160258219726,24.654592008546885,14.863696714057442,8.01788998524533,36.44555163133765,31.162562558428878,46.32105470791956,30.15515000238239,54.62067161398351,54.05436499475991
Cameroon,Africa,0,LMICs,4337044370.091303,164.2723851511077,19.188511645376078,32.44075394683843,38.4750085828771,30.845065939423222,2.0744120976854834,7.225734885738136,14.015697297221726,20.054439796608854,7.73542412707313,33.57221513827451,16.43982065424376,36.37063936415302,26.784001790109066
Central African Republic,Africa,0,LDCs,746676612.9659128,148.23355935457002,55.051681720218745,33.823659097533664,54.6246716712778,17.45482864059299,1.364754328191025,2.859656849225265,3.275386821311546,17.786626280974932,23.308296771170927,16.37469180823154,19.176192053672704,25.688735376998444,38.399219064793634
Chad,Africa,0,LDCs,2190730825.5371513,125.00543842160772,81.95983517572658,65.13174904338533,46.91733588086906,65.36148005987778,4.195766243656965,15.948658078384668,1.3983459443228623,9.423232208672852,7.110015108748898,17.34260724842491,9.216841699773205,39.181739227059836,21.188232662563543
Chile,Latin America & the Caribbean,0,MADCTs,646875906.710852,34.62409461297795,38.627389279507135,53.4116277539251,63.24129457371728,65.02146657612367,4.729329324853005,13.662052954806542,5.475739226942493,0.0,0.0,0.0,0.0,10.756973106375911,0.0
China,Asia,0,UMICs,18664476446.568127,13.292697547350826,39.84263388339556,54.06022014102629,16.80605388902612,68.95065384142826,0.6394064012953865,1.5133534343841255,1.2291055625522815,1.7532468989919747,2.276153184913466,1.7445898189704743,1.5173403991941572,1.410121653428394,1.2093801936205648
Colombia,Latin America & the Caribbean,0,UMICs,14347111935.648094,285.09770397333034,22.32619272972745,28.93124932413175,48.72202162695992,42.19325512104274,20.449368554209684,9.998169221471754,33.92610166116808,18.98381833617228,27.313488980868087,27.771899575844266,53.86677842673718,55.94383787294267,36.84424134391635
Comoros,Africa,1,LDCs,460823125.526008,569.5552009051202,51.84768735751352,50.57467631183444,64.19460271620972,52.64762709454023,17.84588082335524,22.11946276942728,25.82065365679771,1.7830052980699829,113.86932247153358,120.55443855862227,33.79696480215604,134.5660416757444,99.19943084941374
Congo,Africa,0,LMICs,618920655.2538832,107.00213499769671,55.163599283396415,34.802118507475925,45.817448129874606,46.89687864753083,14.705234943387287,0.21609376186102697,4.276065019273142,12.264991928903369,14.49371699354328,1.269319140407362,13.789132978269727,10.78037803853149,35.207202193520025
Costa Rica,Latin America & the Caribbean,0,UMICs,6058984000.229293,1199.9989763377898,27.02993539701122,40.27401866992052,58.76200518014198,50.56744878797558,47.592765690312284,3.0299990596633672,49.16469214674148,21.17494409851206,27.322805566812605,295.7066129002205,136.2823964762328,441.67443339905105,178.05032700024387
Cuba,Latin America & the Caribbean,1,UMICs,545166342.0808456,48.852642197911635,41.15893383553994,68.4110986213358,54.308507850917486,42.029079841882094,1.833455093170289,2.503218969665447,3.3307676561568185,4.795370699925167,7.866321802039421,5.488317297195413,15.569088596738334,2.233895168382789,5.2322069146379535
Côte d'Ivoire,Africa,0,LMICs,6282269220.661057,214.80634542976776,40.23658756241182,36.063422898852636,41.72461373869226,33.39063881897752,4.678414317940688,9.641111756540118,13.094717775912235,11.552255826445444,27.335765266367012,29.016881918256782,24.93646687422653,63.98326246716996,30.567469226908994
Democratic People's Republic of Korea,Asia,0,Other LICs,8621950.738540674,0.3331820204788005,28.463470371947412,51.18416131914771,37.35052625819749,56.49823859713682,0.018408472720526876,0.02990226272499489,0.19643757167703615,0.004416503541339633,0.028418449792233815,0.027089935509042592,0.024227401024142194,0.00019403927517519284,0.004087384214309193
Democratic Republic of the Congo,Africa,0,LDCs,5685918338.138022,57.94286071055015,61.150312856248746,31.83392812617446,44.48775813163812,42.33080263266179,2.990540252475766,2.365722425114532,3.9594616436730856,2.6133639972736535,2.204617300653662,5.582775799885883,10.649826477494019,14.504137136552067,13.072415677427482
Djibouti,Africa,0,LDCs,618084032.6850029,556.8752893597546,71.13566243361865,72.01748722454266,51.47662227714441,90.27329239036132,19.075218704485298,6.7566005358921455,73.67295231855871,47.778382690572975,31.741097086150717,71.84525015325279,83.09589391217797,91.4161330232857,131.4937609353783
Dominica,Latin America & the Caribbean,1,UMICs,414229483.8102365,6138.786561673007,66.89817831492101,74.46601021569006,64.24912982813218,33.57560272738162,20.8401521250354,0.38189562280044537,190.17794393089233,1233.6245843334789,390.0230458880485,366.7285021463651,3393.991985918239,484.4288650242693,58.58958668387766
Dominican Republic,Latin America & the Caribbean,1,UMICs,3860270557.6528735,348.2067021867988,28.70967131519098,29.230238158603605,42.74508537274899,55.37373633561101,16.781661968915028,5.120536894130235,16.73489675334572,48.94221279129341,21.574170352535173,3.014889135475275,26.642421365440363,123.08549571197356,86.31041721369
Ecuador,Latin America & the Caribbean,0,UMICs,8363790231.657847,482.09044649094045,43.92919673681502,28.558776971632117,50.10152158918546,45.18062326475735,49.505743853295975,20.393053524168213,44.13088792100393,59.99941812868497,50.059042508998274,61.87960391256176,20.13583849881673,94.27623963838188,81.71061850502873
Egypt,Africa,0,LMICs,18031367551.961136,166.697883890505,42.78871390689757,58.155270638970656,34.1328039978325,97.34256843242991,11.469445869392853,16.675082692920675,23.224082643418512,12.02973392340208,13.129410365115278,15.799444053097371,24.461583094861407,28.81490394860635,21.09419729969047
El Salvador,Latin America & the Caribbean,0,UMICs,1985518122.3586793,316.9571510276678,31.700160623635647,50.40679679004256,55.37785453825985,56.74858513652565,13.524514892061092,14.819262952869359,4.289482462472734,9.371002909935754,40.91526518470548,24.479683050469653,26.62195175432566,100.73665392795859,82.19933389286952
Equatorial Guinea,Africa,0,UMICs,82831151.89127178,49.31650350506552,59.80576256065102,42.55533269240019,54.30457191978545,43.90989703291585,0.026611807595571024,0.0,0.018146936098145855,3.7141932724814115,41.38126738062948,0.08539233548807279,0.3759707800955815,0.5672433632202474,3.147677629457005
Eritrea,Africa,0,LDCs,279050556.5788284,86.06088787738827,84.65687484985533,60.7757979687118,51.89118101106196,74.83587452082168,7.47259245548374,4.782264809742513,33.89277514381442,0.10989814102006452,8.206022569396392,9.050742948320254,6.726344319856553,0.6301489604696452,15.190098529284688
Eswatini,Africa,0,LMICs,245671707.4046561,208.72330182123542,51.36927726636645,53.2839922983512,75.29386119983023,54.64448395096862,23.689933673161242,35.72855768440382,0.16693326644077397,22.539409229607134,77.73022768635676,12.282591284236238,10.620487102738663,11.95656811600862,14.008593778282208
Ethiopia,Africa,0,LDCs,12939399442.093622,110.24658982897407,41.77628234250386,43.456888027780664,40.38788980725947,66.18863506025865,7.5378467522075665,7.999359671355668,12.138947660567421,13.060311602063855,15.89394968252681,12.628246940014408,9.453464186800312,16.32057059728518,15.21389273615285
Fiji,Oceania,1,UMICs,774024953.5925965,842.6823958747076,49.39818664755283,70.48496792625387,69.87766892403396,41.55536539650504,101.77532175218425,32.45602216529428,50.69668070233896,38.12279661021566,55.9314444601734,144.04539031545497,119.60164112555273,156.706390502656,143.34670824083733
Gabon,Africa,0,UMICs,279940126.14629924,123.76062484252373,54.29074030792175,33.90169427151001,53.023164860880385,31.561565757350483,12.638412488308079,9.389955894797813,11.210990760157758,1.7211615098839104,31.31828042783721,28.167263636150274,23.989521856749228,4.690789020168073,0.6342492484713754
Gambia,Africa,0,LDCs,798103634.5065312,327.33821643921345,73.8527687317395,54.3890157782067,47.74477640922757,62.98034084302312,81.32102143792976,16.637945172163104,40.19222837308459,39.59690408223133,9.791694790247123,31.421110770012124,20.574009628587046,47.783281462661016,40.02002072229738
Georgia,Asia,0,UMICs,4460926001.428177,1199.386555274989,38.75161589362264,31.31903778996135,38.174154261417335,55.027094510725654,44.55700220796105,80.03461381826268,67.27776666597262,89.30033739658653,251.17566313646796,224.14347733379446,130.38136118162828,168.92950449939616,143.58682903491922
Ghana,Africa,0,LMICs,3869113235.1604323,121.00142417291357,38.21856601202571,37.35002311947834,37.951685348411516,55.656820920485565,1.9757836057080191,11.061547291519698,10.735594867033615,6.232753106774322,14.581905628096719,11.348114009472354,16.511393176392993,32.23197630290128,16.32235618501457
Grenada,Latin America & the Caribbean,1,UMICs,226047336.6477834,1943.5849092293863,87.4064146603198,59.15081739547705,69.95089650122613,59.004998132057985,90.8740262819952,16.883075097768458,72.23034839962433,470.6416346101658,194.16782706444263,280.4553883053026,40.96464912321456,285.4176084968585,491.9503518500142
Guatemala,Latin America & the Caribbean,0,UMICs,1496367227.7938237,86.72517764159292,21.389535311651006,35.526988282023204,53.51471892499888,52.700210483889904,4.661896286062652,4.50686352429663,4.0554630134467065,5.1394864834854275,25.849519735143335,10.28341533703441,13.68229868065813,9.871768230187984,8.67446635127764
Guinea,Africa,0,LDCs,1641289814.7938664,121.94620601380093,66.9372355855949,36.76585022104718,40.71769479966029,30.14997238531682,3.5537691035983547,1.6335069854386228,10.625647824275125,13.826108916836178,13.34629815211406,18.001254708869087,17.63993850973358,23.01677215211816,20.302909660817765
Guinea-Bissau,Africa,1,LDCs,463048959.36909425,235.72094253641458,65.31133150504488,40.865898818824895,60.19388846515359,34.434388278501,64.29356775806676,7.968602568638823,13.16713721756672,37.88361012434717,9.461173097695983,9.362147551625036,2.7256682415223144,55.800372256989526,35.05866371996222
Guyana,Latin America & the Caribbean,1,UMICs,673827384.9736264,832.3524812726237,62.88013525852951,58.948409198484214,53.95587117206632,4.204347221327349,7.439616752897318,68.61007071871863,15.30902628523044,40.3349566182651,30.474619922911963,259.7898923379552,31.516892262615354,227.6091931613111,151.26821321271854
Haiti,Latin America & the Caribbean,1,LDCs,2167626952.437103,194.92315710883668,72.7263209018326,70.45151440008938,46.77663990035353,60.91769464942623,15.048478996017277,9.472615779768537,31.2988072335384,31.738929182085553,14.155174377988823,29.682153417166546,18.52986822631912,27.588371020481837,17.408758875470582
Honduras,Latin America & the Caribbean,0,LMICs,3592342283.8729224,352.43793271763826,39.641813210113135,34.094002944622574,49.135954331362086,45.67640509097632,28.84049613047773,8.682529242884886,10.070606772924503,22.21960110279817,24.51926096355,58.99339033298254,57.13830219701658,51.74493472544132,90.22881124956251
India,Asia,0,LMICs,72743364956.67052,52.09679238661142,21.828995975292433,48.604903943997776,21.198455215481307,69.91385544451805,2.194578236366934,4.286437109315831,5.045403976411164,7.580940696051597,4.380708020338012,6.285923971835194,5.621168491762467,6.509601453074195,10.192030431456018
Indonesia,Asia,0,UMICs,24559002724.499912,89.58805825256796,12.54066183212126,31.4079556312071,35.4011154510231,41.64178013519623,9.072542520450835,1.8461727285530543,8.616950689683732,10.358790079602219,6.191787801180729,10.674956273705419,9.057311746533832,11.864854680775048,21.90469173208309
Iran,Middle East,0,LMICs,138107724.42661515,1.580422197166254,40.86493134181037,54.12674372879963,26.90206098775148,72.12084207552904,0.04637804199650025,0.04779716315308282,0.06201772677990748,0.3253382484849587,0.34332681668581083,0.18422427910899142,0.22576923814606556,0.32350200304286586,0.022068679768070993
Iraq,Middle East,0,UMICs,5131670995.234832,125.05102250867178,65.44407581850858,55.3751671822144,43.3709606966203,78.08080796220456,21.678254898983575,8.72197994363823,19.332961571086955,18.251184510227624,6.97386854804112,3.8752785742643345,10.919020295437184,25.244676817838045,10.053797349154724
Jamaica,Latin America & the Caribbean,1,UMICs,1135300097.5213857,400.5861948859722,51.602441274594426,58.20212900098511,50.310928447280055,55.85246526158984,5.711800789555824,17.55179922543709,30.92659531101265,18.890767484086734,10.619607521517612,25.719299954990575,7.732810902873397,4.222054187854584,279.2114595086437
Jordan,Middle East,0,LMICs,6861382504.396465,645.1942513082724,39.0879048354458,54.98286040309152,38.341579634201516,92.27095229769063,72.46651496627732,88.82375509538227,62.12357727704803,47.36965499042608,80.38618809740458,55.98872074728449,64.79305705980848,84.52241281221251,88.72037026242873
Kazakhstan,Asia,0,UMICs,3509232537.1068296,184.1297252975685,39.471289451514835,53.84786477581732,41.52281588045662,62.113153271966745,23.021556581275938,28.879957576536565,26.893497982451116,10.936436435633873,28.4296463052715,20.31309090232237,21.772688572979327,11.439911367151081,12.442939573946742
Kenya,Africa,0,LMICs,11657387883.871023,225.19691046293292,19.81844974478579,55.411503297224804,43.25241106240764,76.0071030253502,19.575154134167853,21.423990226655487,20.30605523029344,13.447367423185204,30.399605212072398,35.694401583583506,16.006182989610043,22.30256459596366,46.04158906740132
Kiribati,Oceania,1,LDCs,393352249.91367376,3132.9620017533825,66.66440049246575,50.265640634450754,76.28460588258201,67.38656660131058,18.001119311915897,448.4685620274384,160.27649076546237,354.97359477040226,461.02941250018455,438.12801167504523,454.4399975989472,450.4129182332574,347.2318948707299
Kosovo,Europe,0,UMICs,1119083675.6690943,634.144651731586,,,,,64.5586272271468,37.50927168845302,9.127603881545859,58.46398121090733,97.7176700984087,55.94632606293539,41.646471630795155,155.37284538756174,113.80185454383209
Kyrgyzstan,Asia,0,LMICs,1428634787.2598054,215.70114134735695,38.85908921443262,46.14236032610046,39.28790178149212,67.32288382299687,23.018597967110825,27.06742645901634,19.837504235124563,15.376437130097228,25.98403858243105,15.23070812874695,19.45828475716139,30.52710431256658,39.20103977510199
Lao People's Democratic Republic,Asia,0,LDCs,1900124822.5796423,261.54626185742944,24.800478067113275,49.088835315126225,43.5348219733761,36.05854673289891,25.265262550466574,35.405498822282716,19.346823583343102,16.967725411191356,43.46373169647018,24.174800180154985,15.767762704574219,45.30197747489652,35.852679434049826
Lebanon,Middle East,0,LMICs,1722029460.9460113,292.7018792817607,43.5573837786251,49.95977417303967,53.83504195192988,78.74093969241667,6.264890294450368,8.954402259343356,16.76060022810129,88.02037227569774,40.98485101389674,12.47371232683896,22.741164260391724,31.763118060677975,64.73876856236255
Lesotho,Africa,0,LDCs,446597551.4746779,200.21901787658032,72.72506100237182,55.541691977236944,70.29799895834553,73.19975795616108,2.8794760101163,6.19038862280865,13.604140634726987,17.35791319324942,79.75585142989529,9.156482717222694,13.202955512078415,26.573530031316086,31.498279725166487
Liberia,Africa,0,LDCs,1254248884.9350426,247.3566529009808,72.66050435177375,28.190425877382108,56.4038675955259,42.79720414517246,39.9047548307594,27.637704083636795,25.74808351406587,12.178804037567966,22.19575360840595,18.350866113756094,23.31632216630592,48.89587637538891,29.128488171093927
Libya,Africa,0,UMICs,104066254.52817082,14.421484506348223,89.12642332760004,57.680805953483144,52.13231072279519,76.400645865794,0.18680685649707837,0.04647957258910171,0.0016728106584941761,0.0,0.0002450254516127315,1.5816079533864547,3.0252392223287803,2.2956733368097884,7.283759728626913
Madagascar,Africa,0,LDCs,3864578092.169672,132.87743115113028,50.99470956400674,40.14950388309735,52.11737804515432,59.22059010972844,4.633367219201745,9.072865953630656,14.691109559097827,9.025224943629073,10.02888870502261,12.690111674585424,20.15879610066408,27.541695402600418,25.035371592698457
Malawi,Africa,0,LDCs,3356809254.070451,173.00488167248815,44.30946844626966,53.31922052833356,64.33842617947808,59.57843352320844,10.39135554708568,14.867761326158176,25.501943943012435,4.485137371175807,21.266813177142765,23.533863880344352,13.15659428092559,28.152207920769275,31.649204225874055
Malaysia,Asia,0,UMICs,127995065.13214453,3.8319086891189356,38.50699892190596,44.09711215361251,38.85945091130106,31.472425808897732,0.5021831727827539,0.48603426756983775,0.2156672330822669,0.03217906104835487,0.5908852926590411,0.3925315362133038,0.6728483709716697,0.7209395414892686,0.21864021330243905
Maldives,Asia,1,UMICs,510343560.4230539,1025.540096861474,83.05149705519943,67.82933472163126,55.37960175382463,93.41357558515823,79.79714279604296,79.93152577186135,40.98960970500809,16.1523162334825,44.634966268580264,310.86119470682155,180.32189545573237,70.86301507252514,201.98843085141962
Mali,Africa,0,LDCs,3432074334.9319534,159.49815640716812,52.844902322463106,62.29685471772097,49.21574366214365,62.83372460708475,12.332995478778859,10.817889225615815,13.775053633935746,17.778337562432014,15.427627142473876,18.760117193500438,29.07605463833341,16.78362284879132,24.746458683306667
Marshall Islands,Oceania,1,UMICs,299376014.81542426,6870.180841281671,58.60251016097498,50.44875761918358,75.22064368974097,73.87350138247702,229.8541084509127,253.58640587203564,1588.339769490776,666.5228722314758,796.1284334081798,972.3695363547844,956.6548671627237,975.4768942301597,431.2479540806235
Mauritania,Africa,0,LDCs,1188572427.9326043,253.65064496936307,70.11888881528215,73.79039024315664,35.82570524533909,87.29295156539006,14.530122520118613,8.378982457249498,17.177016959045176,20.35923482544141,15.720641756804648,30.201318385095608,22.424222698187073,43.4019618755556,81.45714349186545
Mauritius,Africa,1,UMICs,1149182828.3493984,914.5244423359861,44.56870039686334,24.611239985824724,63.5884245489523,67.04623339610983,8.343777329406684,25.241982336576218,4.4686078193710825,66.6303054897889,14.886428258669097,298.52776933922496,1.5110441809570492,6.827952078530928,488.0865755034612
Mexico,Latin America & the Caribbean,0,UMICs,10700719001.703045,85.15080666072842,32.93070794823427,44.49209941137677,46.81425810498835,56.73174563593003,5.734041848480257,4.754679916256766,15.806858909859503,11.542336535838785,9.983532730304036,9.630235991724067,12.58864954495651,6.4173427002494146,8.693128483059079
Micronesia,Oceania,1,LMICs,300485224.59028697,2702.231637996763,75.8356434668782,59.99029298916479,76.62974746434996,70.95774591147091,43.17110741472578,127.79109690614327,118.05884473351385,146.33398108632517,491.7155470048751,268.5598195648134,651.4237968438,394.8094845692236,460.3679598733427
Moldova,Europe,0,UMICs,1748370994.9087853,674.5018570856232,,,,,19.133410628105647,63.09461164472863,40.762899659833835,27.073737135130777,38.03702563741333,100.14863065223624,75.71811978502204,93.43985908299277,217.0935628601599
Mongolia,Asia,0,LMICs,2407400916.5632277,731.2949225969924,55.87853792775004,66.48322062050019,44.30353241419413,57.71661402055535,9.952323839659941,48.145215183257974,50.38701385235345,122.42561380195963,182.96768332887615,96.3658462018792,84.11384467011928,56.79298656854272,80.14439515034408
Montenegro,Europe,0,UMICs,722065503.1611645,1154.523073057139,,,,,162.20247725873975,40.400657622765195,211.96826502642844,95.29000493609527,236.25222393665007,44.0736336309351,153.14247097821183,65.66927702493024,145.52406264238323
Morocco,Africa,0,LMICs,13411023928.579092,367.43442551123053,28.830317248730832,53.20245162157378,25.252077194877455,68.83613736478463,22.93065976985166,28.1635759205636,24.80508947955789,48.476642557394264,39.045608066655554,41.71426572403381,37.712639291800535,45.99496766249322,78.59097703887998
Mozambique,Africa,0,LDCs,6017908831.440619,195.3065990899657,43.42107842205749,55.07292025137864,48.87183620936909,44.35396042724257,8.252946380000097,6.613517242979938,14.803746643456678,19.680612282348267,30.591058417619486,25.29870061558193,32.38899405176769,30.64199533221533,27.03502812399627
Myanmar,Asia,0,LDCs,5735353699.608894,109.3328671782154,39.84508472013832,48.72797450204055,28.69191325674971,37.543193421003316,17.840125323250877,3.742943009013485,13.26293244116548,11.152477635797075,7.4077403625957965,49.32329097708993,2.1143228970238965,2.268305548041866,2.2207289842369806
Namibia,Africa,0,UMICs,1059301858.3746929,394.44110611890994,42.61891501701837,69.81769264883972,60.19661390033773,63.6319100319038,42.27982436011285,34.14710839378507,45.41246414706855,41.491958148701364,27.99611096235191,47.7640739149068,28.077627630610632,78.0111704648736,49.26076809649918
Nauru,Oceania,1,UMICs,168853305.39525306,14566.865779004933,76.57563562118632,28.827880221574187,77.1746262621674,85.1679634573762,394.5381662614914,266.21134921201656,2642.888293810766,2194.6076744404995,2822.9883480062595,527.8510037753471,497.8594914434846,3027.5782990085327,2192.343153046536
Nepal,Asia,0,LDCs,4702316006.171175,163.70765234148695,44.936198344969796,54.67197855458284,39.14470213596748,57.898808551562325,16.748544667478455,5.24293042838487,26.066466833909065,13.603633299750896,18.434029495555425,37.54229885942819,10.166387313401524,26.584945326032656,9.318416117545839
Nicaragua,Latin America & the Caribbean,0,LMICs,1503618568.7434652,232.52534258504954,40.76972845357447,31.66596930988502,49.74077052634371,41.2154460708078,36.194658588984794,18.666129275222353,42.926073206760265,13.165759869181807,1.5421389985149998,40.03162068764127,26.89288294993341,49.254958825212505,3.8511201835981455
Niger,Africa,0,LDCs,4796441518.480841,203.05222672937143,28.810626620951282,76.66195265221877,41.57495380134415,71.74185280658355,9.428861493380625,21.87606104780266,10.433836065609563,11.94591912705396,22.913851976138602,22.919782218139012,49.900971889381466,32.94531369766711,20.687629214198417
Nigeria,Africa,0,LMICs,9747157453.046274,44.97479822020544,60.724350641029496,44.40480289554075,37.83100542298557,59.590831681788934,0.93005034670499,0.7204490937831519,2.207360884548586,4.751840244321083,2.9925981834058977,8.772937752932007,7.202526599878016,6.252406400266711,11.144628714364998
North Macedonia,Europe,0,UMICs,1604266677.9109542,867.6921480329133,,,,,42.43525417448401,4.947142433404209,19.611210023091278,49.44279162985829,139.4676537290548,57.99520157944349,114.23055907572812,110.0444799428336,329.51785544501547
Pakistan,Asia,0,LMICs,15333383387.628605,65.71454334586006,35.30056288479548,62.44347746684837,36.66443843657635,78.98290487219877,5.092577731497161,5.710231574129914,8.106229916217043,4.583512406293753,6.258548577256611,9.216500451546652,9.609963890184336,8.806230774487684,8.330748024246898
Palau,Oceania,1,UMICs,125635568.9996194,7071.519868308218,75.02387329683555,53.775864197323074,77.52076743060168,46.51352763712581,1200.7865280103915,334.0607048662387,96.76065219956516,295.10604316024626,249.71972336244977,671.7949201245666,479.51623982592344,2549.051977672791,1194.723079086046
Panama,Latin America & the Caribbean,0,UMICs,3772699824.567856,875.4937129536822,31.190017933463906,30.523313744375155,47.6936570505525,42.95274935889747,0.6456144741643299,88.650563685631,115.77590914276927,41.971053604499545,21.457456337976996,109.40383103380272,49.68590713067834,173.52942965819568,274.37394788596424
Papua New Guinea,Oceania,1,LMICs,2426845712.6711025,249.78963154945123,33.67698763343796,25.539770589699014,62.780801369296015,44.712270580539375,32.696579606881144,9.707562619204085,23.347488879927557,21.982160097471475,15.331749133160528,22.47806424732847,41.48516790399526,53.84502463656551,28.915834424917186
Paraguay,Latin America & the Caribbean,0,UMICs,2771734328.8731894,416.10164868160155,40.967422453575644,39.72603429479177,68.79394550940087,29.197705672302977,5.614288851736974,5.790429121053659,8.765256222151553,46.3396786584692,33.47239349218945,79.0300043091633,17.714761841377584,146.30120634181475,73.07362984364514
Peru,Latin America & the Caribbean,0,UMICs,8727098793.358334,267.064755117352,28.541293805430406,31.767342212763232,54.66377981232988,43.483074428499954,20.309035106372043,15.425388123706773,28.369817370271928,13.768357834318664,19.781723891220086,29.04453343428253,27.866866092496434,61.26490275134843,51.23413051333513
Philippines,Asia,0,LMICs,25370649100.47853,226.65273547110831,39.78795032472604,57.03392235869767,35.58074322784587,53.175886141992976,26.72027807765936,1.6883190285122678,8.47059035879347,10.507818354048164,33.69704336870935,28.31649569876974,15.558089001108822,43.75737483327281,57.93672675023433
Rwanda,Africa,0,LDCs,5002979812.382839,385.9776871909279,33.29930704699273,40.81911027451713,53.489288191082856,71.59688082225021,10.033998530145926,63.99625407590901,41.367587338083084,25.554550550388385,38.41276857370131,33.877037946842016,38.31390470188137,70.41151841498818,64.01006705898865
Saint Lucia,Latin America & the Caribbean,1,UMICs,180565695.9178262,1012.7385947800947,86.45857427313132,59.93700907707797,66.38651320291042,59.81237128938851,40.80360222114451,34.433718900515814,66.05635507999278,9.112486910434862,99.39684785236521,169.36755920128653,105.82275760608017,132.12167552217028,355.62359148610443
Saint Vincent and the Grenadines,Latin America & the Caribbean,1,UMICs,242215967.45314723,2330.392292826809,61.98086201839645,62.302648993769715,61.687880958333565,62.12900549391667,67.41029556407068,141.42111982015393,174.7334199382049,15.264573701469114,1117.4503671068132,160.58597041737625,309.88910148359054,259.0623627028338,84.57508209229619
Samoa,Oceania,1,LMICs,416983845.29120976,1991.9233801647363,53.705311046144125,59.467691948217066,77.98436230419885,66.138221723608,244.7720058947979,378.10857665114287,67.76225463025489,241.11353247263176,204.362922410459,117.87260473864882,196.77375915017777,349.6921084874405,191.46561572918287
Sao Tome and Principe,Africa,1,LDCs,266382072.32206997,1236.9358921576757,66.8309579196271,31.237920644139916,55.12302887405394,39.072558106920106,190.36750261037983,128.80204781731035,36.89711657709253,97.49338274251414,186.79823920536762,191.78684037128545,82.87544618876653,85.2546637916749,236.66065285328415
Senegal,Africa,0,LDCs,6674951447.321436,402.86136061406387,34.21342773367196,55.75389066469488,37.300643574165264,63.54329492778946,26.456414152776592,42.4456864262967,69.78392137484035,25.231944690411503,26.78384571383708,30.649713930407223,49.29159395760731,52.4167158327831,79.80152453510405
Serbia,Europe,0,UMICs,6667335210.232078,978.5771601014677,,,,,31.160482348557636,19.71996485177596,85.14364680637787,90.54075281845684,100.40206999143611,108.92139710059999,118.49597093551037,216.46311080294993,207.729764445803
Seychelles,Africa,1,MADCTs,30391217.242459353,322.74702832870474,68.99202328586931,41.7857270572365,63.70785074921418,77.42204051945953,220.09726729350675,7.127287932448763,95.52247310274923,0.0,0.0,0.0,0.0,0.0,0.0
Sierra Leone,Africa,0,LDCs,1121508386.4907653,141.8640720915771,67.28322098240591,36.8081550859024,60.96846929457376,34.89446527805998,1.7449757916677373,12.086852378349581,11.630899855199575,5.110627641238935,31.39305869389215,15.552556090730413,14.626873755509239,38.81259485791061,10.905633027078865
Solomon Islands,Oceania,1,LDCs,842290160.2321042,1148.315149377011,56.672809907323874,29.08195822422125,69.76562360793507,39.38590612605859,51.364784898752276,30.964607028336694,285.9547597902448,63.26163009338095,175.36854765077393,55.64394309824269,177.2434546574228,163.21063409767638,145.30278806218035
Somalia,Africa,0,LDCs,2763616010.6955924,165.2851635747686,62.315890298220616,83.50224561581251,60.72152482947336,82.71250053064391,6.416771865616936,4.916466994801054,21.103651968678427,7.866120847744625,22.768926527728365,17.153786631406746,23.38885697584252,33.51100564486423,28.15957611808571
South Africa,Africa,0,UMICs,7123378806.859433,116.62305330055386,20.295222955304858,54.06367923335873,59.663144872402725,69.93526597674595,13.905800594982146,2.7697203207740664,1.829989616492423,13.000020400772003,4.845979463388325,5.463540297970734,6.604244865197941,34.28084947373453,33.9229082672417
South Sudan,Africa,0,LDCs,2125582117.705671,194.5083471785445,80.49987405545245,64.02256813717214,63.077265386225335,54.1245019927885,18.7319225281353,35.78457833938589,13.604570377187112,8.669062983770804,15.644567918612054,9.478274058533668,16.012433128984654,33.00114399691139,43.58179384702363
Sri Lanka,Asia,0,LMICs,4052451082.4862337,187.35967881038073,26.651196065046186,44.262667409685925,37.40291569495686,53.49146873620285,20.657902233806716,28.391262483979453,32.04768431038851,8.71928593705758,47.94299386943066,10.388257771525991,24.46328359473733,4.20109286778285,10.547915741671629
Sudan,Africa,0,LDCs,1595611496.024044,33.878287875715024,62.04704263520126,65.62345808140667,42.173235484661554,72.22162928407643,0.4108243444186199,3.3089993961339266,1.2597767116320655,0.6510906010565554,3.067423348150763,3.3904265409870105,13.256648139307085,3.8615044712674957,4.6715943227615035
Suriname,Latin America & the Caribbean,1,UMICs,281130408.6404582,464.1260785213775,55.23071456923312,30.531958998252094,50.43329974618654,44.57198647212844,30.075344289814943,50.735429920210905,45.196624113601835,57.69929011672672,131.82646088687233,24.423093278238355,2.3436053435471056,84.14321862535154,37.683011947013796
Syrian Arab Republic,Middle East,0,Other LICs,274186269.8710285,12.539582657295544,57.6066676537106,53.45917768676969,34.967324182277736,70.68899568746916,0.6273314135950186,0.032725175535702825,0.19835033036350894,0.1492680845055626,0.7561463330091533,1.7868418564882127,3.639554403570799,2.9148575719929917,2.4345074882345936
Tajikistan,Asia,0,LMICs,1944708995.3453588,203.51032189206788,49.06929479769129,54.162227964453244,37.94291451602016,75.32650143105988,19.281951040889417,4.455255440650496,45.40280391601059,12.86451675867844,25.389689338648523,28.208075221539012,23.625976127630008,30.124909794355602,14.157144253665829
Tanzania,Africa,0,LDCs,8667440750.04121,142.20965213050937,19.760922091542188,42.56739438812833,38.59567186931731,48.41360806497487,13.935179655145925,7.954249619912347,14.651562999721795,7.5927192271296144,12.585823310528726,8.577756823568638,17.285319391804606,33.13348675773929,26.493554344958433
Thailand,Asia,0,UMICs,2984100332.9498363,41.99790876529531,35.40495964821784,64.5201144663161,33.541274153154696,42.45251624219111,5.663257724499126,21.79206296460501,0.5303524270770361,2.7201949446462,6.026039278897396,1.724030978502422,0.8381238753165401,1.026395145831129,1.6774514259204554
Timor-Leste,Asia,1,LDCs,655725971.4933349,492.2020863813582,67.45944236781213,31.033550861434772,57.08851085350799,46.27266202155653,15.895289448255038,43.336672756412334,12.182300674411856,12.090747539160695,59.781103928173984,33.86468173162677,132.84478759542293,106.72675223749629,75.47975047039827
Togo,Africa,0,LDCs,1322112550.6479964,149.9583477945391,38.94690098433379,36.55183867032988,42.91198596230759,44.90264269371013,1.4748207974799261,7.027174181477784,7.9187979878644175,14.197693172856068,9.967752440264784,14.202228400535919,29.916431648710848,26.588775346875632,38.6646738184737
Tonga,Oceania,1,UMICs,419228157.1872696,3976.737926373105,59.663522177821235,61.06115453999061,75.05420220922099,53.06402124219166,229.29840537035307,126.02969390055277,224.42709580707344,1039.0188962792977,295.3586107146298,271.2957399545598,929.4551180583384,422.1146844517647,439.7396818365351
Tunisia,Africa,0,LMICs,5420794354.110007,457.25172455819126,30.401913507415394,53.06043525981956,35.546287857380875,66.83409510747988,25.93674362420267,37.30968783524583,97.69981276533204,35.66745141170878,62.68289356905578,49.73875607733906,31.975907955027836,78.43028562065783,37.81018569962141
Turkmenistan,Asia,0,UMICs,77284833.9595196,11.11619101048661,56.79339410299552,54.899688604562535,39.009514547465635,72.66705865943523,0.10821711138467202,1.123078430240562,0.9276221037789306,0.7017572754480047,0.7621916589513498,0.44658706027224093,4.575134401551214,1.3107858466251723,1.1608171222344625
Tuvalu,Oceania,1,LDCs,278979983.2930296,27008.214191047962,66.03311834041057,50.7545350084499,90.95807530183737,73.72494298164608,1487.585449118957,3705.460619363263,1243.0679500402582,2392.655881494259,2107.3921296301114,1069.659958340714,3019.748547325616,6306.214018377305,5676.429637357478
Türkiye,Europe,0,UMICs,23364625879.112427,283.0740958882337,17.638964992918982,45.01520775012215,21.844612188848764,55.70277888109234,30.744483138498847,36.55326486687258,17.34864833342885,16.447173506047378,38.28577426187147,17.67303172232446,41.656119799741376,27.07466952744404,57.29093073200471
Uganda,Africa,0,LDCs,5354013976.334186,121.65140396076347,35.213728359912416,41.41176439494368,49.14268902405439,61.80298805576259,7.833205862720467,12.367166745772753,3.3517807315586383,15.753732796231013,11.935427317911943,18.637956951969173,11.509704963404937,28.692733662296508,11.569694928898052
Ukraine,Europe,0,LMICs,9219118843.875301,209.75063505230904,,,,,33.10457463491452,20.963357153019047,18.131323190730903,18.69954230067939,23.77564656635535,28.100382760972952,26.049440231813573,16.67862137624282,24.24774683758048
Uruguay,Latin America & the Caribbean,0,MADCTs,272299700.436025,80.72926479926815,29.70046491895483,31.86794751530083,68.34986103879693,52.069803057028814,59.31498471411522,3.8379922480144844,17.576287837138437,0.0,0.0,0.0,0.0,0.0,0.0
Uzbekistan,Asia,0,LMICs,10794926343.320662,318.80104657049645,27.964506356702717,53.55835690355222,36.408216117695424,79.81357933565337,10.283178707732503,4.109801565525097,8.928669740130484,34.4450238402619,66.43165170379514,36.791201368347004,35.565813179649865,71.33290657348748,50.91279989156698
Vanuatu,Oceania,1,LMICs,890782343.9778367,3032.9506602117754,62.08381051467041,62.720596693972865,70.36473719438416,13.433096652569182,440.24592775434996,351.55677330255713,216.78923703994823,174.44364913518558,160.2157266437096,467.98955621251815,458.35273995918595,486.9513862006812,276.4056639636396
Venezuela,Latin America & the Caribbean,0,UMICs,61436290.932823226,2.1453647563670026,49.69135874127304,32.29305286463172,51.79202579970733,50.53288844241211,0.2598776911450614,0.009292491053686689,0.02480841050173106,0.017742436020157615,0.0018571266632134635,0.5276571766367536,0.015368631450544408,0.5885871360935323,0.7001736568023221
Viet Nam,Asia,0,LMICs,9695276281.438251,100.90973697581126,50.04412658792779,49.73394511481117,30.714294216344666,52.893416973348074,13.540030974896421,28.864525138814248,15.226796441447274,4.697009246098309,3.6269756818190197,9.295996065479253,7.919493042629928,5.860112160786531,11.87879822384027
West Bank and Gaza Strip,Middle East,0,UMICs,1706957733.267769,359.3604162604515,,,,,24.613886736999778,27.207096764114738,39.09409701157765,31.107764905739554,57.45682295600169,48.17557553684408,29.235160332485925,58.198512845963684,44.27149917072437
Yemen,Middle East,0,LDCs,1381139229.518359,37.124108020257914,74.02475877687974,59.65397919830555,40.86775943320501,90.49922739232308,0.3456757276452663,0.3630439326467491,0.9206115195297919,1.893581321337907,3.742170214154366,4.620390676825125,7.780853923595067,9.679083409740992,7.778697294782653
Zambia,Africa,0,LDCs,2601436722.1472945,138.2793115572929,51.58335005175282,38.607977813563565,57.46330228880864,42.71467520408491,7.385733221074431,14.33731121477001,16.707207834075763,20.229061235343146,15.012005896433353,8.439575345594408,4.333557689653166,26.50371231360523,25.33114680674341
Zimbabwe,Africa,0,LMICs,909779283.019132,58.957654186618186,65.66405240349243,64.27511137661153,67.82836263708064,50.49785626732452,7.3446516917845726,3.60299452003295,5.388468871727351,2.6949870709533816,9.867090816278319,6.787544983428692,4.470228042083967,10.454141492789402,8.347546697539546
